{
	"textures": {
		"icon": "item/wax_icon",
		"particle": "#icon"
	},
	"elements": [
		{
			"from": [6, -13, 16],
			"to": [10, 27, 16],
			"faces": {
				"south": {"uv": [0, 0, 16, 16], "texture": "#icon"}
			}
		}
	],
	"display": {
		"thirdperson_righthand": {
			"scale": [0, 0, 0]
		},
		"thirdperson_lefthand": {
			"scale": [0, 0, 0]
		},
		"firstperson_righthand": {
			"scale": [0, 0, 0]
		},
		"firstperson_lefthand": {
			"scale": [0, 0, 0]
		},
		"ground": {
			"scale": [0, 0, 0]
		},
		"gui": {
			"rotation": [-84.26, 0, 0],
			"translation": [0, -31.45, 80],
			"scale": [4, 4, 4]
		},
		"head": {
			"scale": [0, 0, 0]
		},
		"fixed": {
			"scale": [0, 0, 0]
		}
	}
}