{
  "ambientocclusion": false,
  "textures": {
    "torch": "minecraft:block/copper_torch",
    "particle": "#torch"
  },
  "elements": [
    {
      "from": [-1, 3.5, 7],
      "to": [1, 13.5, 9],
      "shade": false,
      "rotation": {"angle": -22.5, "axis": "z", "origin": [0, 3.5, 8]},
      "faces": {
        "north": {"uv": [7, 6, 9, 16], "texture": "#torch"},
        "east": {"uv": [7, 6, 9, 16], "texture": "#torch"},
        "south": {"uv": [7, 6, 9, 16], "texture": "#torch"},
        "west": {"uv": [7, 6, 9, 16], "texture": "#torch"},
        "up": {"uv": [7, 6, 9, 8], "texture": "#torch"},
        "down": {"uv": [7, 13, 9, 15], "texture": "#torch"}
      }
    },
    {
      "from": [-1.5, 10.5, 6.5],
      "to": [1.5, 14.5, 9.5],
      "shade": false,
      "rotation": {"angle": -22.5, "axis": "z", "origin": [0, 3.5, 8]},
      "faces": {
        "north": {"uv": [0, 3, 3, 7], "texture": "#torch"},
        "east": {"uv": [0, 3, 3, 7], "texture": "#torch"},
        "south": {"uv": [0, 3, 3, 7], "texture": "#torch"},
        "west": {"uv": [0, 3, 3, 7], "texture": "#torch"},
        "up": {"uv": [0, 0, 3, 3], "texture": "#torch"},
        "down": {"uv": [3, 0, 6, 3], "texture": "#torch"}
      }
    },
    {
      "from": [1.5, 14.5, 9.5],
      "to": [-1.5, 10.5, 6.5],
      "shade": false,
      "rotation": {"angle": -22.5, "axis": "z", "origin": [0, 3.5, 8]},
      "faces": {
        "north": {"uv": [0, 7, 3, 3], "texture": "#torch"},
        "east": {"uv": [0, 7, 3, 3], "texture": "#torch"},
        "south": {"uv": [0, 7, 3, 3], "texture": "#torch"},
        "west": {"uv": [0, 7, 3, 3], "texture": "#torch"},
        "up": {"uv": [3, 3, 6, 0], "rotation": 180, "texture": "#torch"},
        "down": {"uv": [3, 0, 0, 3], "texture": "#torch"}
      }
    }
  ]
}