{
  "ambientocclusion": false,
  "textures": {
    "torch": "minecraft:block/copper_torch",
    "particle": "#torch"
  },
  "elements": [
    {
      "from": [7, 0, 7],
      "to": [9, 10, 9],
      "shade": false,
      "faces": {
        "north": {"uv": [7, 6, 9, 16], "texture": "#torch"},
        "east": {"uv": [7, 6, 9, 16], "texture": "#torch"},
        "south": {"uv": [7, 6, 9, 16], "texture": "#torch"},
        "west": {"uv": [7, 6, 9, 16], "texture": "#torch"},
        "up": {"uv": [7, 6, 9, 8], "texture": "#torch"},
        "down": {"uv": [7, 13, 9, 15], "texture": "#torch", "cullface": "down"}
      }
    },
    {
      "from": [6.5, 7, 6.5],
      "to": [9.5, 11, 9.5],
      "shade": false,
      "faces": {
        "north": {"uv": [0, 3, 3, 7], "texture": "#torch"},
        "east": {"uv": [0, 3, 3, 7], "texture": "#torch"},
        "south": {"uv": [0, 3, 3, 7], "texture": "#torch"},
        "west": {"uv": [0, 3, 3, 7], "texture": "#torch"},
        "up": {"uv": [0, 0, 3, 3], "texture": "#torch"},
        "down": {"uv": [3, 0, 6, 3], "texture": "#torch"}
      }
    },
    {
      "from": [9.5, 11, 9.5],
      "to": [6.5, 7, 6.5],
      "shade": false,
      "faces": {
        "north": {"uv": [0, 7, 3, 3], "texture": "#torch"},
        "east": {"uv": [0, 7, 3, 3], "texture": "#torch"},
        "south": {"uv": [0, 7, 3, 3], "texture": "#torch"},
        "west": {"uv": [0, 7, 3, 3], "texture": "#torch"},
        "up": {"uv": [3, 3, 6, 0], "rotation": 180, "texture": "#torch"},
        "down": {"uv": [3, 0, 0, 3], "texture": "#torch"}
      }
    }
  ],
  "display": {}
}