{
  "parent": "block/block",
  "textures": {
    "particle": "#lantern"
  },
  "elements": [
    {
      "from": [4, 0, 4],
      "to": [12, 7, 12],
      "faces": {
        "north": {"uv": [0, 1, 8, 8], "texture": "#lantern"},
        "east":  {"uv": [0, 1, 8, 8], "texture": "#lantern"},
        "south": {"uv": [0, 1, 8, 8], "texture": "#lantern"},
        "west":  {"uv": [0, 1, 8, 8], "texture": "#lantern"},
        "up":    {"uv": [0, 8, 8, 16], "texture": "#lantern"},
        "down":  {"uv": [0, 8, 8, 16], "texture": "#lantern", "cullface": "down"}
      }
    },
    {
      "from": [6, 7, 6],
      "to": [10, 9, 10],
      "faces": {
        "north": {"uv": [8, 14, 12, 16], "texture": "#lantern"},
        "east":  {"uv": [8, 14, 12, 16], "texture": "#lantern"},
        "south": {"uv": [8, 14, 12, 16], "texture": "#lantern"},
        "west":  {"uv": [8, 14, 12, 16], "texture": "#lantern"},
        "up":    {"uv": [2, 10, 6, 14], "texture": "#lantern"}
      }
    },
    {
      "from": [6.5, 9, 8],
      "to": [9.5, 11, 8],
      "shade": false,
      "rotation": {"angle": 45, "axis": "y", "origin": [8, 8, 8]},
      "faces": {
        "north": {"uv": [14, 1, 11, 3], "texture": "#lantern"},
        "south": {"uv": [11, 1, 14, 3], "texture": "#lantern"}
      }
    },
    {
      "from": [8, 9, 6.5],
      "to": [8, 11, 9.5],
      "shade": false,
      "rotation": {"angle": 45, "axis": "y", "origin": [8, 8, 8]},
      "faces": {
        "east": {"uv": [11, 10, 14, 12], "texture": "#lantern"},
        "west": {"uv": [14, 10, 11, 12], "texture": "#lantern"}
      }
    }
  ]
}